{
    "mean_gmm": 0.4895476155079829,
    "mean_hmm": 0.5107816388450319,
    "std_gmm": 0.04378819273094049,
    "std_hmm": 0.05215601724615223,
    "gmm_fold_results": [
        0.5154639175257731,
        0.42454954954954954,
        0.4410810810810811,
        0.4676767676767677,
        0.45726495726495725,
        0.47023086269744835,
        0.522673031026253,
        0.4913151364764268,
        0.5747549019607843,
        0.5304659498207885
    ],
    "hmm_fold_results": [
        0.5578465063001146,
        0.5101351351351351,
        0.5005405405405405,
        0.5181818181818182,
        0.5192307692307693,
        0.4775212636695018,
        0.40930787589498807,
        0.45781637717121587,
        0.5526960784313726,
        0.6045400238948626
    ]
}